label,ques
教育,人站 在 地球 上 为什么 没有 头朝下 的 感觉
娱乐,我 的 小 baby
电脑,松本 面板 可以 配 什么 品牌 的 超五类 模块
生活,请教 怎么 能 很快 能 洗 干净 猪肠 有 什么 方法
健康,毛孔 粗大 怎么办 我 脸上 长 豆豆 出 油 额头 鼻子 上 脸上 都 有 毛孔 很
健康,黑河市 治疗 癫痫 最 权威 的 医院 有 哪些
健康,降压药 的 选择 不 知道 波依定 和 洛活 喜 两种 药 各有 什么 特点 适合 哪种 人服
游戏,有 6 区 无尽 之海众 神之子 工会 的 吗 你们 会 怎么 了 看不见 人 了 解散 了
商业,老师 好 青 青稞酒 明天 再 跌 就 可以 建仓 了 吗 谢谢
生活,邯郸市 哪里 有 卖纳威 沙发
社会,请 各位 老师 讲解 如图所示  A B 是 圆 的 直径 的 两端 小张 在 A 点
电脑,Word 文档 一页 半 文字 怎样 调整 使 其 真 好 布满 两页
娱乐,出 大事 了 出 大事 了 你 知道 吗 武汉 江夏 公安分局 接到 群众 举报电话 说 在 天
教育,简单 的 地理 基础知识 填空 要 100 正确 一 考点 知识 清单 一 地图 1
健康,下体 很痒 怎么回事 是 什么 原因 呢 长 了 一些 像 疹子 一样 的 东西 正好 我
电子,为什么 手机 连不上 wifi 我 的 手机 型号 是 lephone1800
电子,华为 手机 芯片
健康,请问 吃 紧急 避孕药 月经 推迟 多久 才 是 正常 的 我 因为 吃 了 那药 月经 已经
健康,霉菌性 阴道炎 会上 行 感染 胎儿 吗 目前 未确定 怀孕 但 怀孕 可能性 较大 我 1
教育,公鸡 和 母鸡 是 怎么 交配 的 如何 受精 产生 小鸡
电脑,word 中想 只 插入 一个 键 箭头 如何 居中 我 在 word 中 我 想 打 一个
健康,怎样 快点 长高 我 160 想长 高 5 厘米 怎么 可以 长高
娱乐,根据 我 的 中文名 来 取个 英文名 苏金凤 根据 我 的 中文名 来 取个 英文名 本人 苏
生活,16 个 月 男 宝宝 长 8 颗 牙齿  我家 宝宝 16 个 月 1 才 长 8 颗 牙齿
娱乐,求解 这是 什么 东西 啊
游戏,DZ 怎么 才能 在 大 战场 立脚 我 的 盗贼 无 BUFF3700 血 为了 拿 2 把
育儿,宝宝 腹泻 一周 吃 了 药 不 见效 用换 腹泻 奶粉 吗 已有 宝宝 年龄 1 岁 2
教育,一元 一次方程 车间 有 28 名 工人 生产 一种 螺栓 和 螺帽 一个 螺栓 的 两
娱乐,电影票房 是 怎样 计算 的
教育,将 SO2 气体 分别 通入 什么 溶液 中 能 出现 下述 现象  紫色 变 红色  紫
社会,请问 什么 工作 或 职业 最 赚钱
健康,重庆 哪里 可以 治疗 尖锐湿疣 能 不 复发
教育,西方 经济学 论文 代发 怎么样 各位 都 有 这方面 的 经验 吗 都 尽量 说 说 吧
游戏,上古 运动会 有人 作弊 吗 我 知道 上古 运动会 的 时间 是 下午 的 3 点 5 点 和 7 点
汽车,大纳智捷 生活馆 是 怎样 看车 的
娱乐,期任 九 108 元 初单 欢迎 指教  1 年轻人 vs 利物浦 2 乌迪内 vs 安
游戏,真有 这么 巧 的 事 建立 个小弓 和 一 转前 的 武器 前 4 手上 了 3 个 G10 老婆
电脑,怎么 安装 双系统 知道 的 进 高分 我 现在 用 的 是 XP 系统 但是 我 还 想安
烦恼,九年 级 相似 图形 在 梯形 ABCD 中 AD  BC E 是 AB 上 的 一点
商业,华夏 公司 网上交易 使用 的 广发卡 是 广发 理财 通卡 吗 如 题 广发 理财 通卡
文化,历史 上 西施 活 了 多少岁
社会,我 儿子 从 高一上 学期 与 班 中 的 一位 女 体育 特长生 关系密切 后 发现 他 对学
游戏,请问 11 服 的 钢铁 原石值 多少 钱 呀
生活,宝宝 这是 鼻炎 吗 宝宝 鼻塞 半个 月 刚 开始 的 鼻涕 是 白色 带 黄 后来 是 黄
生活,用 了 祛痘 洗面奶 反而 脸上 长痘痘 了 怎么回事 啊
文化,项链 的 作者 是 谁
生活,不 睡 枕头 对 颈椎病 好 吗 他们 说 有 颈椎病 的 人 最好 不 睡 枕头
烦恼,怎样才能 使 自己 的 内心 强大 起来
烦恼,他 这样 是 爱我吗 我们 是 经人介绍 认识 认识 到 现在 已经 有 三个 月 了 自
教育,竹炭 煮水 的 好处 在 水壶 里 放 两大片 洗净 的 竹 碳 坐水时 一起 煮 这样 的 开
健康,上海 哪家 医院 治疗 输卵管 堵塞 好
生活,冬天 进补 好 呢 还是 夏天 好
生活,夏季 如何 进行 饮食 调养 养生
教育,请问 钨 钼 钨 铝丝 的 居里点 是 多少
游戏,我 写 了 我 的 姓名 和 身份证 号码 通过 哪个 未成年 许可 怎么 像是 没 反应 的 啊
健康,为什么 会得 癔症
健康,形成 胆结石 的 原因 是
生活,外贸服装 哪里 进货 像 第一 街  署光里 那些 外贸服装 都 从 哪里 进货
医疗,辐射 防护 该 怎么 做 呢
烦恼,我 好 心疼 哦  我 听说 喜欢 的 人 已经 有 心上人 了 我 好 心疼 哦 你们 可
商业,我 就 贷款 买 基金 了 今年 贷款 买 了 好多 的 基金 啊 收益 25 还 多 从 八月 到
教育,鬣狗 和 野狗 的 外观 和 毛色 都 差不多 为何 名称 不同
商业,同花顺 2007 标准版 和 同花顺 盛大 密宝 有 什么 区别 同花顺 里 有 同花顺 2
社会,T
电脑,主板 启动 电脑 想 问 一下 在 主机 开关 出现 故障 时 直接 利用 主板 如何 启动
生活,的 鼻子 很大 而且 没有 鼻梁 难看 死 了 有没有 办法 变小 或者 鼻梁 变挺
健康,老是 感到 胸闷 是 怎么回事 我 40 岁 老是 感到 胸闷 喘 不过 气来 . 有
生活,今天 我 MM 被 诊断 为 肺炎 虽然 她 确实 高烧 可是 并 没有 咳嗽 症状 这个
游戏,电信 1 黄金 车身 1 型 的 价位 在 多少
电脑,通过 qq 如何 控制 对方 电脑
商业,这 两天 嘉实 300 和 南方 稳健 都 要 大 比例 分红 了 . 分完 净值 都 在 1 左右 了
教育,穷 在 句 中 的 意思 穷追猛打 中穷 是 极端 的 意思 还是 彻底 的 意思
电脑,电子词典 选 什么 牌子 的 五一 想 入手 一款 电子词典 该选 什么 牌子 的 要
游戏,谁 帮 我 捉 1 只 火暴 萝卜 和 1 个 火爆 樱桃 是 火暴 的
健康,女人体 香是 怎么回事
商业,有关 专利发明 奖金 是否 要 缴纳 个人所得税 哪位 大仙 知道 公司 对 职务 发明
文化,请问 这句 莫名其妙 的 诗句 是 什么 意思 完整 的 如下 太窥门 夹豆 丫洗 盆
,微博 是不是 可以 有个 类似 于 qq 空间 的 功能 谁 来 微博 主页 了 就 发个 消息
游戏,55 级 的 菩提 宝杖 从 哪 打 出来 的
游戏,都 是 新手 问题 帮助 新手 的 非常简单 新手 请 回答 问题 一 说出 一个 怪
社会,什么 是 社会主义 社会主义 的 本质 是 什么
健康,重庆 大坪 医院 打胎 大概 多少 钱
游戏,3 个 战场 的 双倍 声望 时间 请 说 的 详细 些
生活,从 上海 森勤 国际 大酒店 到 上海 维也纳 国际 大酒店 有多远
游戏,淡谈 真三武名 系统 取消 后 的 波澜 关于 这次 武名 系统 取消 同意 的 占 大多数
生活,为什么 上海 地铁 单单 只有 上海 马戏 城站 的 站台 上 有门 同 标题
商业,关于 基金 啥 叫 前端 申购 代码 后 端 申购 代码 . 有 啥 区别 . 有 甚么 作用 .
娱乐,小 联赛 足彩 延期 开奖 推迟 比赛 或 310 全算 对 新浪 体育讯 北京 时间 12
游戏,进入 易玩通 网站 怎么 看不见 我 还有 多少 点 呀 还是 0 点 去 哪能 看到
生活,北京 哪里 礼物 便宜 毛绒玩具 哦 质量 也 要 好
娱乐,大家 都 买 了 多少 钱
游戏,级敏白 妖 加点 问题 我 是  级敏 妖 拿 刀 请问 那个 点 是 加 什么 好 呢
,不 知道 什么 意思
,GDA
,NAN 类
体育,去 打 篮球 吧
体育,科比 在 NBA 打 篮球
体育,世界杯 怎么 我 想 跑步
资源,稀土 中国 不行
资源,石油 很贵 中石油
